[{"model": "payment.shippingaddress", "pk": 4, "fields": {"user": 9, "shipping_full_name": "", "shipping_email": "", "shipping_address1": "", "shipping_address2": null, "shipping_city": "", "shipping_state": null, "shipping_zipcode": null, "shipping_country": ""}}, {"model": "payment.shippingaddress", "pk": 5, "fields": {"user": 10, "shipping_full_name": "", "shipping_email": "", "shipping_address1": "", "shipping_address2": null, "shipping_city": "", "shipping_state": null, "shipping_zipcode": null, "shipping_country": ""}}, {"model": "payment.order", "pk": 15, "fields": {"user": 10, "full_name": "Vincent Korir", "email": "vinnierhames25@gmail.com", "shipping_address": "319, Sotik\nTransami\nNairobi\nNairobi\n00100\nKenya", "amount_paid": "289975.00", "date_ordered": "2025-12-05T04:45:46.320Z", "shipped": true, "date_shipped": "2025-12-05T04:46:05.583Z"}}, {"model": "payment.order", "pk": 16, "fields": {"user": 10, "full_name": "Vincent", "email": "Kiplangat", "shipping_address": "embakasi\n1342\nnairobi\nNairobi\n00100\nKenya", "amount_paid": "264479.00", "date_ordered": "2025-12-05T08:13:42.377Z", "shipped": true, "date_shipped": "2025-12-05T08:13:53.697Z"}}, {"model": "payment.orderitem", "pk": 10, "fields": {"order": 15, "product": 7, "user": 10, "quantity": 3, "price": "20500.00"}}, {"model": "payment.orderitem", "pk": 11, "fields": {"order": 15, "product": 9, "user": 10, "quantity": 4, "price": "18000.00"}}, {"model": "payment.orderitem", "pk": 12, "fields": {"order": 15, "product": 10, "user": 10, "quantity": 5, "price": "19295.00"}}, {"model": "payment.orderitem", "pk": 13, "fields": {"order": 15, "product": 12, "user": 10, "quantity": 3, "price": "20000.00"}}, {"model": "payment.orderitem", "pk": 14, "fields": {"order": 16, "product": 7, "user": 10, "quantity": 3, "price": "20500.00"}}, {"model": "payment.orderitem", "pk": 15, "fields": {"order": 16, "product": 8, "user": 10, "quantity": 2, "price": "25000.00"}}, {"model": "payment.orderitem", "pk": 16, "fields": {"order": 16, "product": 10, "user": 10, "quantity": 4, "price": "19295.00"}}, {"model": "payment.orderitem", "pk": 17, "fields": {"order": 16, "product": 13, "user": 10, "quantity": 2, "price": "24000.00"}}, {"model": "payment.orderitem", "pk": 18, "fields": {"order": 16, "product": 16, "user": 10, "quantity": 1, "price": "15000.00"}}, {"model": "payment.orderitem", "pk": 19, "fields": {"order": 16, "product": 18, "user": 10, "quantity": 1, "price": "12799.00"}}, {"model": "mycar.profile", "pk": 1, "fields": {"user": 1, "date_modified": "2025-12-03T00:52:15.353Z", "phone": "+254 790326063", "address1": "embakasi", "address2": "Kericho", "city": "nairobi", "state": "Nairobi", "zipcode": "00100", "country": "Kenya", "old_cart": "{\"1\": 3, \"4\": 3, \"3\": 4}"}}, {"model": "mycar.profile", "pk": 6, "fields": {"user": 8, "date_modified": "2025-12-04T09:35:39.516Z", "phone": "", "address1": "", "address2": "", "city": "", "state": "", "zipcode": "", "country": "", "old_cart": null}}, {"model": "mycar.profile", "pk": 7, "fields": {"user": 9, "date_modified": "2025-12-04T20:07:15.875Z", "phone": "", "address1": "", "address2": "", "city": "", "state": "", "zipcode": "", "country": "", "old_cart": null}}, {"model": "mycar.profile", "pk": 8, "fields": {"user": 10, "date_modified": "2025-12-05T04:38:34.499Z", "phone": "+254 790326063", "address1": "319, Sotik", "address2": "Transami Nairobi", "city": "Nairobi", "state": "Nairobi", "zipcode": "00100", "country": "Kenya", "old_cart": ""}}, {"model": "mycar.category", "pk": 1, "fields": {"name": "Cell Phones"}}, {"model": "mycar.category", "pk": 2, "fields": {"name": "Phones"}}, {"model": "mycar.category", "pk": 3, "fields": {"name": "Televisions"}}, {"model": "mycar.category", "pk": 4, "fields": {"name": "Computers"}}, {"model": "mycar.category", "pk": 5, "fields": {"name": "Home appliances"}}, {"model": "mycar.category", "pk": 6, "fields": {"name": "Garden"}}, {"model": "mycar.category", "pk": 7, "fields": {"name": "Watches"}}, {"model": "mycar.category", "pk": 8, "fields": {"name": "Gym and Fitness"}}, {"model": "mycar.category", "pk": 9, "fields": {"name": "Organic Skincare"}}, {"model": "mycar.category", "pk": 10, "fields": {"name": "Perfumes"}}, {"model": "mycar.category", "pk": 11, "fields": {"name": "Laptops"}}, {"model": "mycar.product", "pk": 7, "fields": {"name": "Hisense 43 Inch4K", "price": "21000.00", "category": 3, "description": "Hisense 43A4K 43 inch FHD Smart TV . Featuring Natural Colour Enhancer technology and Crystal-Clear Resolution, the Hisense 43A4K 43 inch Smart TV offers a stunning viewing experience with optimized color reproduction and cleaner, pixel-perfect noise reduction.     Find great entertainment fast with VIDAA Smart TV. Switch between apps and connected devices, receive recommendations, and search thousands of shows across Netflix, YouTube, Prime Video, Disney+, Kayo, Foxtel, Stan iView, Freeview Plu", "image": "uploads/Product/tv1.jpg", "best_offer": true, "sale_price": "20500.00"}}, {"model": "mycar.product", "pk": 8, "fields": {"name": "Vitron HTC5008FS, 50 inch Full HD Smart Android TV", "price": "25000.00", "category": 3, "description": "Watch live TV, stream movies, enjoy the best of Netflix and YouTube videos at the click of your remote. Easily download more games and streaming apps from the Android App Store.   Smart TV – Browse and enjoy online video; YouTube, Netflix, Facebook,B", "image": "uploads/product/tv1.jpg", "best_offer": false, "sale_price": "0.00"}}, {"model": "mycar.product", "pk": 9, "fields": {"name": "Itel TV 43 inches QLED Smart TV, FHD, Frameless, Bluetooth, Android14, Wifi, Digital, Netflix, YouTu", "price": "18999.00", "category": 3, "description": "Itel TV 43 inches QLED Smart TV, FHD, Frameless, Bluetooth, Android14, Wifi, Digital, Netflix, YouTube, Prime, 43\" television (1 year warranty, New Launch price, wall mount free gift)", "image": "uploads/Product/tv3.jpg", "best_offer": true, "sale_price": "18000.00"}}, {"model": "mycar.product", "pk": 10, "fields": {"name": "Vitron 43\" INCH TV QLED TV HTC4300QFS,Frameless, Bluetooth Enabled TELEVISION, Full HD Smart Android", "price": "19295.00", "category": 3, "description": "If you are looking for an all-in one TV that saves power at the same time, then the Vitron 43\" Smart FRAMELESS TV HTC4300QFS FRAMELESS QLED TV - Black  (BLUETOOTH Enabled) is your BEST choice. It has Full High Definition (HD) video resolution and WiFi-enabled making it amazing for movie lovers who prefer streaming through popular Apps like YouTube and Netflix. Running on android 11.0, our Smart Module allows you to enjoy a customized browser and enjoy Optimized Connectivity  with 2 USB ports and 3 HDMI ports. With Vitron care warranty we have you covered for 1 year. COMES WITH A FREE TV GUARD+ Wall Mounting BRACKET+Heavy Duty EXTENSION Cable", "image": "uploads/Product/tv4.jpg", "best_offer": false, "sale_price": "0.00"}}, {"model": "mycar.product", "pk": 11, "fields": {"name": "Gld 24\" Full HD Digital Frameless LED Television - Black", "price": "6995.00", "category": 3, "description": "GLD 24\" Full HD Digital Frameless LED Television", "image": "uploads/Product/tv5.jpg", "best_offer": false, "sale_price": "0.00"}}, {"model": "mycar.product", "pk": 12, "fields": {"name": "Skyworth 43E3500G, 43\" FHD Smart Google TV, Black (1YR WRTY)", "price": "22999.00", "category": 3, "description": "Step into a new era of home entertainment with the Skyworth 43\" 43E3500G Full HD Smart Google TV. Designed with an ultra-slim profile and narrow bezel, it brings a modern, stylish look to any living room. Enjoy breathtakingly clear visuals with Full HD resolution and rich, dynamic sound that immerses you in every scene.", "image": "uploads/Product/tv6.jpg", "best_offer": true, "sale_price": "20000.00"}}, {"model": "mycar.product", "pk": 13, "fields": {"name": "Haier 43\" Android Frameless Full HD TV - Black", "price": "26995.00", "category": 3, "description": "Haier Home Appliances and Electronics is one of the world’s top-selling  home appliance and electronic companies, brings the unexpected to life. By making chores easier and life more livable, we bring the spirit of the weekend into every day. Have br", "image": "uploads/product/tv7.jpg", "best_offer": true, "sale_price": "24000.00"}}, {"model": "mycar.product", "pk": 14, "fields": {"name": "XIAOMI 43\" Full HD Frameless A Series 2025 Google TV(2 YRS Warranty)", "price": "25995.00", "category": 3, "description": "XIAOMI 43\" Full HD Frameless A Series 2025 Google TV(2 YRS Warranty)   Screen Size - 43 Inches Brand - Xiaomi Display Technology - LED Resolution - 1080p Refresh Rate - 60 Hz", "image": "uploads/product/tv8.jpg", "best_offer": false, "sale_price": "0.00"}}, {"model": "mycar.product", "pk": 15, "fields": {"name": "Kuhl Kuhl 17 Pro Max 8GB + 128GB 6.8\" Brand New Android Smartphone", "price": "9000.00", "category": 1, "description": "Kuhl 17 Pro Max 8GB + 128GB 6.8\" Android Smartphone (Dual SIM, 5000mAh, Gold, 1-Year Warranty) – Free Screen Protector + Clear Cover + Earphones + Charger", "image": "uploads/product/ph1.jpg", "best_offer": true, "sale_price": "8700.00"}}, {"model": "mycar.product", "pk": 16, "fields": {"name": "Samsung Galaxy A16, 6.7\", 128GB + 4GB RAM (Dual SIM), 5000mAh, A 16 Phone -Black (2YRs WRTY)", "price": "15940.00", "category": 1, "description": "Specifications     Display      Type    Super AMOLED, 90Hz Size    6.7 inches, 110.2 cm2 (~86.0% screen-to-body ratio) Resolution    1080 x 2340 pixels, 19.5:9 ratio (~385 ppi density) Platform      OS    Android 14, up to 6 major Android upgrades, O", "image": "uploads/product/ph2.jpg", "best_offer": true, "sale_price": "15000.00"}}, {"model": "mycar.product", "pk": 17, "fields": {"name": "XIAOMI Redmi 15c, 6.9\", 4GB RAM + 128GB (Dual SIM), 6000mAh, Black (25 Months Warranty)", "price": "11380.00", "category": 1, "description": "The Redmi 15C is a new 4G handset from Xiaomi,  that features a 6000 mAh battery and a 6.9-inch IPS LCD display with a 120Hz refresh rate. The display is protected by a Corning Gorilla Glass 3, while the body is designed with a glass front, a plastic", "image": "uploads/product/ph3.jpg", "best_offer": false, "sale_price": "0.00"}}, {"model": "mycar.product", "pk": 18, "fields": {"name": "XIAOMI Redmi 15C' 6.88 inches,(4+4)8GB RAM+128GB ROM,Battery: 5000 mAh COMES WITH FREE GIFTS ( AIRPO", "price": "12799.00", "category": 1, "description": "The Redmi 15C features a 6.88inches display Android 15 and a Mediatek Helio G81 Ultra chipset. It also comes with a 64 MP camera and a 5000 mAh battery. The phone comes in different colors it is upon you to choose which colour you prefer.  Connection", "image": "uploads/product/ph5.jpg", "best_offer": false, "sale_price": "0.00"}}, {"model": "mycar.product", "pk": 19, "fields": {"name": "Samsung GALAXY A16, 6.7'' HD+, 4GB RAM + 128GB ROM, DUAL SIM, 50MP, 5000mAh . COMES WITH FREE GIFTS", "price": "15599.00", "category": 1, "description": "RAM: 4GB Internal Storage: 128GB Display: 6.7-inch, Super AMOLED Operating System: Android 14, up to 6 major Android upgrades, One UI 6.1 Chipset: Exynos 1330 (5 nm) or Mediatek Dimensity 6300 (6 nm) Connectivity: 4G, Bluetooth 5.3, NFC, GPS, Wi-Fi C", "image": "uploads/product/ph6.jpg", "best_offer": true, "sale_price": "15000.00"}}, {"model": "mycar.product", "pk": 20, "fields": {"name": "Apple iPhone 17 Pro Max 256GB-Physical sim plus E sim-COSMIC ORANGE", "price": "199999.00", "category": 1, "description": "It is Apple’s most advanced flagship to date and is expected to launch in late 2025, featureing a glass front and back, a grade 5 titanium frame, and adurable design. iPhone 17 Pro Max supports multiple SIM configurations, including dual eSIM and nan", "image": "uploads/product/ph7.jpg", "best_offer": true, "sale_price": "195000.00"}}, {"model": "mycar.product", "pk": 21, "fields": {"name": "Apple iPhone 16 Pro Max 256 GB - Black Titanium", "price": "178000.00", "category": 1, "description": "STUNNING TITANIUM DESIGN—iPhone 16 Pro has a strong and light titanium design with a larger 6.3-inch Super Retina XDR display. It’s remarkably durable with the latest-generation Ceramic Shield material that’s 2x tougher than any smartphone glass. BUI", "image": "uploads/product/ph8.jpg", "best_offer": false, "sale_price": "0.00"}}, {"model": "mycar.product", "pk": 22, "fields": {"name": "Magbak For Iphone Nillkin IPhone 14 Pro Max CamShield Pro Case With Slide Camera Protection Back Cov", "price": "1800.00", "category": 1, "description": "Protect your iPhone 14 Pro Max from scratches and friction with this High-quality hard case. Nillkin Super Frosted Shield Matte cover case for Samsung   use  environmental PC materials. Formed by the highly precise injection molding machine with high", "image": "uploads/product/ph9.jpg", "best_offer": false, "sale_price": "0.00"}}, {"model": "mycar.product", "pk": 23, "fields": {"name": "Lenovo Refurbished ThinkPad T490- Intel Core i5 16GB RAM, 256GB SSD", "price": "30000.00", "category": 11, "description": "Lenovo ThinkPad T490- Intel Core i5-8265U Processor, 8th Gen, 16GB RAM, 256GB SSD, 14 Inch Display, Windows 10 PRO in Nairobi Kenya. A redesigned bezel yields a larger screen area than previous models plus a long battery life make this the laptop for", "image": "uploads/product/lap1.jpg", "best_offer": false, "sale_price": "0.00"}}, {"model": "mycar.product", "pk": 24, "fields": {"name": "HP EliteBook 820 G1 Core I5 8GB RAM 500gb Hdd Slim Ultrabook Laptop Refurbished, (6 Months WRTY)", "price": "15699.00", "category": 11, "description": "More Stable Refurbished high quality When it comes to your family’s needs, the Refurbished HP 820 G1 has got everyone covered. Built with power and speed to tackle those to do lists. HP 820 G1 is a state of the art computer that offers top quality co", "image": "uploads/product/lap2.jpg", "best_offer": true, "sale_price": "14000.00"}}, {"model": "mycar.product", "pk": 25, "fields": {"name": "Share this product    HP Refurbished EliteBook 830 G5 Intel Core i5 8th Gen 8GB RAM 512GB SSD 13.3 I", "price": "33250.00", "category": 11, "description": "HP Elitebook 830 G5 Intel Core i5 8th Gen 8GB RAM 512GB SSD 13.3 Inches FHD Display-REFURBISHED Beautifully crafted with the modern professional in mind, the highly secure and manageable HP EliteBook 830 offers powerful collaboration tools, so you ca", "image": "uploads/product/lap4.jpg", "best_offer": false, "sale_price": "0.00"}}, {"model": "mycar.product", "pk": 26, "fields": {"name": "Apple Refurbished MacBook Pro 13\" Core I5 2.5GHz 8GB RAM, 500GB HDD ( 2012), Mac Os Installed + + Fr", "price": "21645.00", "category": 11, "description": "Product details MacBook Pro (13-inch,  2012) - Technical Specifications Size and weight  Height: 0.95 inch (2.41 cm) Width: 12.78 inches (32.5 cm) Depth: 8.94 inches (22.7 cm) Weight: 4.5 pounds (2.04 kg)1 Connections and expansion    MagSafe power p", "image": "uploads/product/lap5.jpg", "best_offer": true, "sale_price": "20000.00"}}, {"model": "mycar.product", "pk": 27, "fields": {"name": "Apple MacBook Air 13 inch 2020 M1 Chip", "price": "85500.00", "category": 11, "description": "Product details Retina display 13.3-inch (diagonal) LED-backlit display with IPS technology; 2560-by-1600 native resolution at 227 pixels per inch with support for millions of colors Supported scaled resolutions: 1680 by 1050, 1440 by 900, 1024 by 64", "image": "uploads/product/lap6.jpg", "best_offer": false, "sale_price": "0.00"}}, {"model": "mycar.product", "pk": 28, "fields": {"name": "Apple MacBook Pro 2015 15-Inch Core i7 16GB 512GB REFURBISHED", "price": "38000.00", "category": 11, "description": "Product details Apple MacBook Pro 2015 (15-inch) – Intel Core i7, 16GB RAM, 512GB SSD. A high-performance Retina laptop perfect for editing, design, programming, business, and everyday productivity.", "image": "uploads/product/lap7.jpg", "best_offer": false, "sale_price": "0.00"}}, {"model": "mycar.product", "pk": 29, "fields": {"name": "Apple Refurbished MacBook Pro 13\" Core I5 8GB RAM, 1TB HDD ( 2012) 2.5GHz- Silver, 6 Months WRTY", "price": "21800.00", "category": 11, "description": "DECLARED NOISE EMISSIONS in accordance with ISO 9296  Apple continued the production of the MacBook Pro  2012. They introduced the MacBook Pro MD313LL/A with a Core i5 processor that kept upgrading to core i7 MD311LL A. This mbp also comes with 8 GB", "image": "uploads/product/lap8.jpg", "best_offer": false, "sale_price": "0.00"}}, {"model": "mycar.product", "pk": 30, "fields": {"name": "HP EliteBook 845 G7 Ryzen 5, 16GB RAM 256GB SSD-Refurbished-Win 11-14 Inch-Silver", "price": "29999.00", "category": 11, "description": "Powerful Performance: The HP EliteBook 845 G7, a Premium Ryzen 5 laptop, is equipped with an AMD Ryzen 5 Processor (2.1GHz up to 4.0GHz, 6-cores, 12-threads), delivering outstanding performance for multitasking and demanding applications. High-Speed", "image": "uploads/product/lap9.jpg", "best_offer": true, "sale_price": "27000.00"}}, {"model": "mycar.product", "pk": 31, "fields": {"name": "HP Refurbished Elitedesk", "price": "9499.00", "category": 4, "description": "The HP EliteDesk 800 G1 with an Intel Core i5 4th generation processor, 4GB of RAM, and a 500GB hard drive is a business-focused desktop computer known for its reliability and performance for everyday tasks. It offers a balance of processing power, m", "image": "uploads/product/comp1.jpg", "best_offer": true, "sale_price": "9000.00"}}, {"model": "mycar.product", "pk": 32, "fields": {"name": "HP Refurbished desktop Core i5 4th Generation 4GB RAM 500GB HDD windows 10 pro plus office installed", "price": "12000.00", "category": 4, "description": "Product details Big power, space saving design Smaller than some desk phones, this Desktop SFF can fit almost anywhere vertically or horizontally. The clean, easily serviceable design with integrated wireless antenna allows flexible deployment option", "image": "uploads/product/comp2.jpg", "best_offer": false, "sale_price": "0.00"}}, {"model": "mycar.product", "pk": 33, "fields": {"name": "HP Desktop 6305 - Intel Core 2 Duo - 2GB RAM 250GB HDD - Win 10 Pro - Refurbished", "price": "6499.00", "category": 4, "description": "Product details This computer is ready to use with windows 10 pro. It has gone through a thorough a rigorous refurbishing process as well as Quality Control Testing. We replaced any slow, low performing, failing or bad hardware including the hard dri", "image": "uploads/product/comp3.jpg", "best_offer": false, "sale_price": "0.00"}}, {"model": "mycar.product", "pk": 34, "fields": {"name": "Raspberry Pi Zero WH (Wireless With Headers)", "price": "4000.00", "category": 4, "description": "Buy Raspberry Zero WH (Wireless with Headers) from Ivyliam Gadgets Ltd, the official approved reseller for Raspberry Pi Ltd Products here in Kenya. We are always stocked at shop dot ivyliam dot com.  This is an improved version of the tiny, yet extre", "image": "uploads/product/comp_disk.jpg", "best_offer": false, "sale_price": "0.00"}}, {"model": "mycar.product", "pk": 35, "fields": {"name": "Apple Mac Mini Desktop With M4 Chip 16GB 256gb SSD Storage,", "price": "85000.00", "category": 4, "description": "LOOKS SMALL, LIVES LARGE—At just 5 by 5 inches, Mac mini is designed to fit perfectly under a monitor and is easy to place just about anywhere. CONVENIENT CONNECTIONS—Get connected with Thunderbolt, HDMI, and Gigabit Ethernet ports on the back, and f", "image": "uploads/product/apple.jpg", "best_offer": true, "sale_price": "82000.00"}}, {"model": "mycar.product", "pk": 36, "fields": {"name": "HP EliteDesk 600 G6 Intel Core I7 10th Gen 16GB RAM + 512GB SSD", "price": "79949.00", "category": 4, "description": "Product details The redesigned HP EliteDesk 600Tower is the new definition of performance and expandability in a business-class tower PC. Featuring powerful components, enormous expansion, and strong security, this PC handles your biggest enterprise", "image": "uploads/product/comp3_buj0iWE.jpg", "best_offer": true, "sale_price": "78000.00"}}, {"model": "mycar.product", "pk": 37, "fields": {"name": "Haier HMW20D-B, 20Litres, 700W Digital Microwave Oven - Black", "price": "9995.00", "category": 5, "description": "Haier Home Appliances and Electronics is one of the world’s top-selling home appliance and electronic companies, bringing the unexpected to life. By making chores easier and life more livable, we bring the spirit of the weekend into every day. Have", "image": "uploads/product/home1.jpg", "best_offer": false, "sale_price": "0.00"}}, {"model": "mycar.product", "pk": 38, "fields": {"name": "Em 7 Speed Hand Mixer High Power Electric Hand Mixer", "price": "899.00", "category": 5, "description": "Note:  Never wash mixer in water. Transition: 1cm=10mm=0.39inch With retail package. Please allow 1-3mm error due to manual measurement. pls make sure you do not mind before you bid. Due to the difference between different monitors, the picture may n", "image": "uploads/product/home2.jpg", "best_offer": false, "sale_price": "0.00"}}, {"model": "mycar.product", "pk": 39, "fields": {"name": "Rashnik RN-999 2 In 1 Blender & Grinder –1.5L – 350W - Black", "price": "1490.00", "category": 5, "description": "RASHNIK is a leading manufacturer of home appliances. Their products are affordable, innovative and durable. For every household and kitchen need, Rashnik has an appliance that will make every task simple and fun and turns your house into a home. Pla", "image": "uploads/product/home3.jpg", "best_offer": true, "sale_price": "1200.00"}}, {"model": "mycar.product", "pk": 40, "fields": {"name": "Em ElectroMate Sandwich Maker Toaster 2-Slice Non-Stick 750W Black (1YR WRTY)", "price": "1599.00", "category": 5, "description": "Key Features:  ✅ 2-Slice Capacity – Toasts two sandwiches at once, saving time and effort. ✅ Non-Stick Coating – Easy food release and hassle-free cleaning. ✅ Fast & Even Heating – Ensures golden, crispy sandwiches with every use. ✅ Indicator Lights", "image": "uploads/product/home4.jpg", "best_offer": false, "sale_price": "0.00"}}, {"model": "mycar.product", "pk": 41, "fields": {"name": "2L Rice Cooker With Steamer Non-Stick Cookers - Gold", "price": "2801.00", "category": 5, "description": "Micro-pressure fine cooking: retain the essence and lock in heat and water without loss of nutrition. Five-layer black crystal honeycomb aluminum bladder thickened material college-shaped energy heating non-stick pot non-paste bottom. One-click opera", "image": "uploads/product/home5.jpg", "best_offer": true, "sale_price": "2200.00"}}, {"model": "mycar.product", "pk": 42, "fields": {"name": "Couple Watches Casual Silicone Band Quartz Watch Jewelry Set", "price": "531.00", "category": 7, "description": "Product details This black and white couple watch is paired with a couple love bracelet for a casual and stylish look. The watch uses a quartz movement to ensure accurate time display. The silicone strap is comfortable and durable for everyday wear.", "image": "uploads/product/w1.jpg", "best_offer": false, "sale_price": "0.00"}}, {"model": "mycar.product", "pk": 43, "fields": {"name": "ARHANORY Men Formal Steel Business Watch Strap Wrist Watches Classic - Gold", "price": "720.00", "category": 7, "description": "Feature:  Diamond-embedded case and band for brilliant shine Precise quartz movement with date window Scratch-resistant mineral crystal, splash-resistant Minimalist luxury design for any occasion Comfortable unisex fit with folding clasp This watch b", "image": "uploads/product/w2.jpg", "best_offer": false, "sale_price": "0.00"}}, {"model": "mycar.product", "pk": 44, "fields": {"name": "LED Digital Luminescent Neutral Sports Watch", "price": "372.00", "category": 7, "description": "el: 1405  Style: Fashion  Gender: Male/Female  Color: Black  Material:  Tape material: PU  Shell material: ABS ABS  Specifications:  Dial diameter: 45mm  Shell thickness: 15mm  Function:  Time, countdown, stopwatch, alarm clock, 12/24 hour clock, EL", "image": "uploads/product/w3.jpg", "best_offer": false, "sale_price": "0.00"}}, {"model": "mycar.product", "pk": 45, "fields": {"name": "BINBOND Top Luxury Stainless Steel Men Waterproof Wristwatch", "price": "1182.00", "category": 7, "description": "BINBOND new watch style. Stainless steel band with Alloy case,New design style with lasting charm，This is a stylish sport and leisure clock.waterproof, shockproof,other functions; suitable for all occasions. Main Feature: -100% new label and high qua", "image": "uploads/product/w4.jpg", "best_offer": true, "sale_price": "1000.00"}}, {"model": "mycar.product", "pk": 46, "fields": {"name": "FNGEEN Fngeen - Men's Quartz Watch Multi Functional Steel Band Watch-Silver", "price": "826.00", "category": 7, "description": "Product Introduction:    Stylish waterproof glow-in-the-dark sports watch with quartz steel strap, a stylish watch for individuals with an active lifestyle. With its impressive water resistance rating of 50 meters, this watch is perfect for waterspor", "image": "uploads/product/w5.jpg", "best_offer": true, "sale_price": "700.00"}}, {"model": "mycar.product", "pk": 47, "fields": {"name": "Naviforce Men's Dual Time 3ATM Water Resistant Watch", "price": "3499.00", "category": 7, "description": "Brand ;Naviforce Functional features; Digital/Analogue display, Stopwatch, Alarm, Date/Day/Month /Year display, Led Light for night vision. Water Resistance;3ATM Water Resistant Band Material; Leather Dial Diameter;45mm Case Thickness ;14mm Dual wind", "image": "uploads/product/w6.jpg", "best_offer": false, "sale_price": "0.00"}}, {"model": "mycar.product", "pk": 48, "fields": {"name": "Share this product    Naviforce Men's Dual Time 50M Water Resistant Rubber straps Wrist Watch", "price": "2999.00", "category": 7, "description": "Brand : Naviforce Functional features :Complete calendar display, Digital & Analogue Dual time display, Alarm, stopwatch and Led light for night vision  50M Water Resistant 48mm dial diameter 18mm case thickness Straps: Rubber Case; Plastic", "image": "uploads/product/w7.jpg", "best_offer": false, "sale_price": "2500.00"}}, {"model": "mycar.product", "pk": 49, "fields": {"name": "Naviforce Men's Digital 50M Waterproof classic wrist watch", "price": "2250.00", "category": 7, "description": "Brand :Naviforce  Functional features : Digital 12/24h time display, Complete calendar display, Alarm, stopwatch and Led light for night vision  50M Water Resistant 45mm dial diameter 13mm case thickness Case material; Plastic Straps; Stainless steel", "image": "uploads/product/w8.jpg", "best_offer": false, "sale_price": "0.00"}}, {"model": "mycar.product", "pk": 50, "fields": {"name": "Premium Quality 15M Or 50 Feet Braided 1/2 Inch Water Hose Pipe -Green", "price": "1500.00", "category": 6, "description": "This high-quality 3-layered hose pipe is a flexible, silicone free, kink and abrasion resistant hose pipe which is ideal for watering your garden. It has an opaque green outer layer, green stripe and a premium quality inner. Designed with a half inch", "image": "uploads/product/g1.jpg", "best_offer": false, "sale_price": "0.00"}}, {"model": "mycar.product", "pk": 51, "fields": {"name": "Cordless Electric Grass Trimmer Brush Cutter Lithium Tool Battery Brush Cutting Machine Grass Cutter", "price": "6899.00", "category": 6, "description": "The easily mounted flower guard protects flowers from being cut ►Trimmer / Edger Shift Button: Press this button and rotate the head 90 degree to adjust the tool between trimmer and edger ►Telescoping Boom: The grass trimmer can be adjusted to differ", "image": "uploads/product/g2.jpg", "best_offer": false, "sale_price": "0.00"}}, {"model": "mycar.product", "pk": 52, "fields": {"name": "30M/100ft Telescopic Magic Expandable High Pressure Horse Pipe- Watering Gardening/ Car Washing", "price": "1580.00", "category": 6, "description": "Innovative design: it can quickly expand to 3 times the length of its original size when water is turned on, and fully retract to the original length when water is turned off. Will not tangle, twist or kink. Lightweight and portable size, flexible to", "image": "uploads/product/g3.jpg", "best_offer": true, "sale_price": "1200.00"}}, {"model": "mycar.product", "pk": 53, "fields": {"name": "Black nitrile reusable Polyester Garden Glove Heavy Duty Grip Diamond Super Resistant Work Protectiv", "price": "192.00", "category": 6, "description": "black polyester pu coating garden work glove  Item Name: Industrial black light duty PU gloveGlove ShellNylon/polyesterGlove Coating: PU CoatingWeight : 25-30g per pairSize : Medium 8’’Color: BlackCE Certification  Weight:26g/pairGlove shell: Polyes", "image": "uploads/product/g4.jpg", "best_offer": true, "sale_price": "150.00"}}, {"model": "mycar.product", "pk": 54, "fields": {"name": "Afnan 9PM Perfume for Men EDP - 100ml", "price": "3800.00", "category": 10, "description": "Afnan 9PM is a crowd-pleasing evening fragrance with a sweet, warm, and slightly spicy vibe. It starts off with a burst of fresh bergamot and citrus, quickly balanced by sweet apple and soft cinnamon. As it settles, the scent turns deeper and smoothe", "image": "uploads/product/p1.jpg", "best_offer": false, "sale_price": "0.00"}}, {"model": "mycar.product", "pk": 55, "fields": {"name": "Designers Collection Tomford Oud Wood EDP for Men – 100ml", "price": "3250.00", "category": 10, "description": "Premium woody oriental fragrance Rare oud, sandalwood, and spice notes Signature scent for elegant, confident men Long-lasting Eau de Parfum formula Iconic smoky grey glass bottle Ideal for both day and night wear Made in the USA with high-grade oils", "image": "uploads/product/p2.jpg", "best_offer": false, "sale_price": "0.00"}}, {"model": "mycar.product", "pk": 56, "fields": {"name": "Romano CLASSIC 100ML EAU DE PARFUM", "price": "2000.00", "category": 10, "description": "Product details Romano Classic Eau de Parfum is a luxurious and timeless fragrance designed for the sophisticated and modern individual. With its vibrant and captivating blend of notes, this perfume offers an unforgettable scent that exudes elegance", "image": "uploads/product/p3.jpg", "best_offer": true, "sale_price": "1500.00"}}, {"model": "mycar.product", "pk": 57, "fields": {"name": "VERSMAN Sporty Perfume - 95ml", "price": "1230.00", "category": 10, "description": "Enjoy Shopping Versman at the best price in the online market at Jumia Kenya. Try the Versman lotion which has been created for all types of skins. The benefits of Versman lotion can be seen on dry skin, oily skin and even normal skin. Browse through", "image": "uploads/product/p4.jpg", "best_offer": true, "sale_price": "1000.00"}}, {"model": "mycar.product", "pk": 58, "fields": {"name": "Brown Orchid Brown Dark Orchid Eau De Parfum Perfume For Men - 80ML EDP Premium Dubai Arabian Cologn", "price": "1440.00", "category": 10, "description": "Product details Dark Brown Orchid Eau De Parfum Indulge in the luxurious glamour of Brown Orchid Eau de Parfum, a captivating woody-oriental fragrance designed for those who appreciate sophistication and individuality. This exquisite scent opens with", "image": "uploads/product/p5.jpg", "best_offer": false, "sale_price": "0.00"}}, {"model": "mycar.product", "pk": 59, "fields": {"name": "Haoren Mlima Baridi Eau de Parfum – Luxury Men’s Perfume | Aromatic Woody Fragrance | Long-Lasting P", "price": "2430.00", "category": 10, "description": "Haoren Mlima Baridi Eau de Parfum is a luxury aromatic woody fragrance inspired by the crisp air of mountain peaks and the raw spirit of adventure. Crafted for men with bold character and refined strength, it captures the essence of freedom, confiden", "image": "uploads/product/p6.jpg", "best_offer": false, "sale_price": "0.00"}}, {"model": "admin.logentry", "pk": 1, "fields": {"action_time": "2025-11-27T23:08:35.035Z", "user": 1, "content_type": 10, "object_id": "1", "object_repr": "Cell Phones", "action_flag": 1, "change_message": "[{\"added\": {}}]"}}, {"model": "admin.logentry", "pk": 2, "fields": {"action_time": "2025-11-27T23:09:12.437Z", "user": 1, "content_type": 7, "object_id": "1", "object_repr": "Iphone", "action_flag": 1, "change_message": "[{\"added\": {}}]"}}, {"model": "admin.logentry", "pk": 3, "fields": {"action_time": "2025-11-27T23:11:43.759Z", "user": 1, "content_type": 7, "object_id": "2", "object_repr": "android", "action_flag": 1, "change_message": "[{\"added\": {}}]"}}, {"model": "admin.logentry", "pk": 4, "fields": {"action_time": "2025-11-27T23:55:08.884Z", "user": 1, "content_type": 7, "object_id": "3", "object_repr": "Samsung S21", "action_flag": 1, "change_message": "[{\"added\": {}}]"}}, {"model": "admin.logentry", "pk": 5, "fields": {"action_time": "2025-11-27T23:56:03.849Z", "user": 1, "content_type": 7, "object_id": "4", "object_repr": "Iphone 16", "action_flag": 1, "change_message": "[{\"added\": {}}]"}}, {"model": "admin.logentry", "pk": 6, "fields": {"action_time": "2025-11-28T00:29:32.711Z", "user": 1, "content_type": 7, "object_id": "4", "object_repr": "Iphone 16", "action_flag": 2, "change_message": "[{\"changed\": {\"fields\": [\"Image\"]}}]"}}, {"model": "admin.logentry", "pk": 7, "fields": {"action_time": "2025-11-28T00:34:36.021Z", "user": 1, "content_type": 7, "object_id": "5", "object_repr": "earpods", "action_flag": 1, "change_message": "[{\"added\": {}}]"}}, {"model": "admin.logentry", "pk": 8, "fields": {"action_time": "2025-11-28T00:49:33.715Z", "user": 1, "content_type": 7, "object_id": "3", "object_repr": "Samsung S21", "action_flag": 2, "change_message": "[{\"changed\": {\"fields\": [\"Is sale\"]}}]"}}, {"model": "admin.logentry", "pk": 9, "fields": {"action_time": "2025-11-28T00:50:53.234Z", "user": 1, "content_type": 7, "object_id": "4", "object_repr": "Iphone 16", "action_flag": 2, "change_message": "[{\"changed\": {\"fields\": [\"Is sale\", \"Sale price\"]}}]"}}, {"model": "admin.logentry", "pk": 10, "fields": {"action_time": "2025-11-28T00:53:09.277Z", "user": 1, "content_type": 7, "object_id": "4", "object_repr": "Iphone 16", "action_flag": 2, "change_message": "[]"}}, {"model": "admin.logentry", "pk": 11, "fields": {"action_time": "2025-11-28T00:53:51.621Z", "user": 1, "content_type": 7, "object_id": "4", "object_repr": "Iphone 16", "action_flag": 2, "change_message": "[]"}}, {"model": "admin.logentry", "pk": 12, "fields": {"action_time": "2025-11-28T01:01:14.462Z", "user": 1, "content_type": 7, "object_id": "3", "object_repr": "Samsung S21", "action_flag": 2, "change_message": "[{\"changed\": {\"fields\": [\"Sale price\"]}}]"}}, {"model": "admin.logentry", "pk": 13, "fields": {"action_time": "2025-11-28T09:56:43.332Z", "user": 1, "content_type": 7, "object_id": "6", "object_repr": "beats", "action_flag": 1, "change_message": "[{\"added\": {}}]"}}, {"model": "admin.logentry", "pk": 14, "fields": {"action_time": "2025-11-28T13:19:50.811Z", "user": 1, "content_type": 4, "object_id": "2", "object_repr": "dataty", "action_flag": 2, "change_message": "[{\"changed\": {\"fields\": [\"password\"]}}]"}}, {"model": "admin.logentry", "pk": 15, "fields": {"action_time": "2025-11-28T17:19:54.688Z", "user": 1, "content_type": 10, "object_id": "2", "object_repr": "Phones", "action_flag": 1, "change_message": "[{\"added\": {}}]"}}, {"model": "admin.logentry", "pk": 16, "fields": {"action_time": "2025-11-28T17:20:15.275Z", "user": 1, "content_type": 10, "object_id": "3", "object_repr": "Televisions", "action_flag": 1, "change_message": "[{\"added\": {}}]"}}, {"model": "admin.logentry", "pk": 17, "fields": {"action_time": "2025-12-02T12:09:20.907Z", "user": 1, "content_type": 4, "object_id": "3", "object_repr": "Read", "action_flag": 3, "change_message": ""}}, {"model": "admin.logentry", "pk": 18, "fields": {"action_time": "2025-12-02T12:51:07.360Z", "user": 1, "content_type": 4, "object_id": "1", "object_repr": "kiplangatvin", "action_flag": 2, "change_message": "[{\"added\": {\"name\": \"profile\", \"object\": \"kiplangatvin\"}}]"}}, {"model": "admin.logentry", "pk": 19, "fields": {"action_time": "2025-12-03T00:01:46.025Z", "user": 1, "content_type": 12, "object_id": "1", "object_repr": "Shipping Address - 1", "action_flag": 1, "change_message": "[{\"added\": {}}]"}}, {"model": "admin.logentry", "pk": 20, "fields": {"action_time": "2025-12-03T08:02:11.325Z", "user": 1, "content_type": 13, "object_id": "1", "object_repr": "Order - 1", "action_flag": 1, "change_message": "[{\"added\": {}}]"}}, {"model": "admin.logentry", "pk": 21, "fields": {"action_time": "2025-12-03T08:02:37.849Z", "user": 1, "content_type": 14, "object_id": "1", "object_repr": "Order Item - 1", "action_flag": 1, "change_message": "[{\"added\": {}}]"}}, {"model": "admin.logentry", "pk": 22, "fields": {"action_time": "2025-12-03T09:42:14.663Z", "user": 1, "content_type": 4, "object_id": "4", "object_repr": "Pkulel", "action_flag": 3, "change_message": ""}}, {"model": "admin.logentry", "pk": 23, "fields": {"action_time": "2025-12-03T09:42:14.664Z", "user": 1, "content_type": 4, "object_id": "5", "object_repr": "aron4", "action_flag": 3, "change_message": ""}}, {"model": "admin.logentry", "pk": 24, "fields": {"action_time": "2025-12-03T09:42:14.664Z", "user": 1, "content_type": 4, "object_id": "6", "object_repr": "boilo", "action_flag": 3, "change_message": ""}}, {"model": "admin.logentry", "pk": 25, "fields": {"action_time": "2025-12-03T09:42:14.664Z", "user": 1, "content_type": 4, "object_id": "7", "object_repr": "reasfs", "action_flag": 3, "change_message": ""}}, {"model": "admin.logentry", "pk": 26, "fields": {"action_time": "2025-12-04T06:37:29.497Z", "user": 1, "content_type": 14, "object_id": "2", "object_repr": "Order Item - 2", "action_flag": 1, "change_message": "[{\"added\": {}}]"}}, {"model": "admin.logentry", "pk": 27, "fields": {"action_time": "2025-12-04T07:10:22.885Z", "user": 1, "content_type": 14, "object_id": "2", "object_repr": "Order Item - 2", "action_flag": 3, "change_message": ""}}, {"model": "admin.logentry", "pk": 28, "fields": {"action_time": "2025-12-04T08:21:14.779Z", "user": 1, "content_type": 13, "object_id": "13", "object_repr": "Order - 13", "action_flag": 2, "change_message": "[{\"changed\": {\"fields\": [\"Email\", \"Shipping address\", \"Shipped\"]}}]"}}, {"model": "admin.logentry", "pk": 29, "fields": {"action_time": "2025-12-04T08:42:24.324Z", "user": 1, "content_type": 13, "object_id": "13", "object_repr": "Order - 13", "action_flag": 2, "change_message": "[]"}}, {"model": "admin.logentry", "pk": 30, "fields": {"action_time": "2025-12-04T08:42:33.749Z", "user": 1, "content_type": 13, "object_id": "13", "object_repr": "Order - 13", "action_flag": 2, "change_message": "[{\"changed\": {\"fields\": [\"Date shipped\"]}}]"}}, {"model": "admin.logentry", "pk": 31, "fields": {"action_time": "2025-12-04T08:44:18.604Z", "user": 1, "content_type": 13, "object_id": "6", "object_repr": "Order - 6", "action_flag": 2, "change_message": "[{\"changed\": {\"fields\": [\"Email\", \"Shipping address\", \"Shipped\", \"Date shipped\"]}}]"}}, {"model": "admin.logentry", "pk": 32, "fields": {"action_time": "2025-12-04T08:45:27.715Z", "user": 1, "content_type": 13, "object_id": "4", "object_repr": "Order - 4", "action_flag": 2, "change_message": "[{\"changed\": {\"fields\": [\"Email\", \"Shipping address\", \"Shipped\", \"Date shipped\"]}}]"}}, {"model": "admin.logentry", "pk": 33, "fields": {"action_time": "2025-12-04T10:41:15.715Z", "user": 1, "content_type": 13, "object_id": "4", "object_repr": "Order - 4", "action_flag": 2, "change_message": "[{\"added\": {\"name\": \"order item\", \"object\": \"Order Item - 8\"}}]"}}, {"model": "admin.logentry", "pk": 34, "fields": {"action_time": "2025-12-04T18:52:04.800Z", "user": 1, "content_type": 10, "object_id": "4", "object_repr": "Computers", "action_flag": 1, "change_message": "[{\"added\": {}}]"}}, {"model": "admin.logentry", "pk": 35, "fields": {"action_time": "2025-12-04T18:52:23.457Z", "user": 1, "content_type": 10, "object_id": "5", "object_repr": "Home appliances", "action_flag": 1, "change_message": "[{\"added\": {}}]"}}, {"model": "admin.logentry", "pk": 36, "fields": {"action_time": "2025-12-04T18:52:34.655Z", "user": 1, "content_type": 10, "object_id": "6", "object_repr": "Garden", "action_flag": 1, "change_message": "[{\"added\": {}}]"}}, {"model": "admin.logentry", "pk": 37, "fields": {"action_time": "2025-12-04T18:54:05.596Z", "user": 1, "content_type": 10, "object_id": "7", "object_repr": "Watches", "action_flag": 1, "change_message": "[{\"added\": {}}]"}}, {"model": "admin.logentry", "pk": 38, "fields": {"action_time": "2025-12-04T18:54:19.685Z", "user": 1, "content_type": 10, "object_id": "8", "object_repr": "Gym and Fitness", "action_flag": 1, "change_message": "[{\"added\": {}}]"}}, {"model": "admin.logentry", "pk": 39, "fields": {"action_time": "2025-12-04T18:54:31.623Z", "user": 1, "content_type": 10, "object_id": "9", "object_repr": "Organic Skincare", "action_flag": 1, "change_message": "[{\"added\": {}}]"}}, {"model": "admin.logentry", "pk": 40, "fields": {"action_time": "2025-12-04T18:54:40.448Z", "user": 1, "content_type": 10, "object_id": "10", "object_repr": "Perfumes", "action_flag": 1, "change_message": "[{\"added\": {}}]"}}, {"model": "admin.logentry", "pk": 41, "fields": {"action_time": "2025-12-04T19:05:15.327Z", "user": 1, "content_type": 7, "object_id": "7", "object_repr": "Hisense 43 Inch4K", "action_flag": 1, "change_message": "[{\"added\": {}}]"}}, {"model": "admin.logentry", "pk": 42, "fields": {"action_time": "2025-12-04T19:07:26.505Z", "user": 1, "content_type": 7, "object_id": "8", "object_repr": "Vitron HTC5008FS, 50 inch Full HD Smart Android TV", "action_flag": 1, "change_message": "[{\"added\": {}}]"}}, {"model": "admin.logentry", "pk": 43, "fields": {"action_time": "2025-12-04T19:07:44.610Z", "user": 1, "content_type": 7, "object_id": "5", "object_repr": "earpods", "action_flag": 3, "change_message": ""}}, {"model": "admin.logentry", "pk": 44, "fields": {"action_time": "2025-12-04T19:07:44.610Z", "user": 1, "content_type": 7, "object_id": "4", "object_repr": "Iphone 16", "action_flag": 3, "change_message": ""}}, {"model": "admin.logentry", "pk": 45, "fields": {"action_time": "2025-12-04T19:07:44.611Z", "user": 1, "content_type": 7, "object_id": "3", "object_repr": "Samsung S21", "action_flag": 3, "change_message": ""}}, {"model": "admin.logentry", "pk": 46, "fields": {"action_time": "2025-12-04T19:07:44.611Z", "user": 1, "content_type": 7, "object_id": "2", "object_repr": "android", "action_flag": 3, "change_message": ""}}, {"model": "admin.logentry", "pk": 47, "fields": {"action_time": "2025-12-04T19:07:44.611Z", "user": 1, "content_type": 7, "object_id": "1", "object_repr": "Iphone", "action_flag": 3, "change_message": ""}}, {"model": "admin.logentry", "pk": 48, "fields": {"action_time": "2025-12-04T19:07:58.493Z", "user": 1, "content_type": 7, "object_id": "6", "object_repr": "beats", "action_flag": 3, "change_message": ""}}, {"model": "admin.logentry", "pk": 49, "fields": {"action_time": "2025-12-04T19:11:51.920Z", "user": 1, "content_type": 7, "object_id": "9", "object_repr": "Itel TV 43 inches QLED Smart TV, FHD, Frameless, Bluetooth, Android14, Wifi, Digital, Netflix, YouTu", "action_flag": 1, "change_message": "[{\"added\": {}}]"}}, {"model": "admin.logentry", "pk": 50, "fields": {"action_time": "2025-12-04T19:13:18.947Z", "user": 1, "content_type": 7, "object_id": "10", "object_repr": "Vitron 43\" INCH TV QLED TV HTC4300QFS,Frameless, Bluetooth Enabled TELEVISION, Full HD Smart Android", "action_flag": 1, "change_message": "[{\"added\": {}}]"}}, {"model": "admin.logentry", "pk": 51, "fields": {"action_time": "2025-12-04T19:14:34.606Z", "user": 1, "content_type": 7, "object_id": "11", "object_repr": "Gld 24\" Full HD Digital Frameless LED Television - Black", "action_flag": 1, "change_message": "[{\"added\": {}}]"}}, {"model": "admin.logentry", "pk": 52, "fields": {"action_time": "2025-12-04T19:17:14.425Z", "user": 1, "content_type": 7, "object_id": "12", "object_repr": "Skyworth 43E3500G, 43\" FHD Smart Google TV, Black (1YR WRTY)", "action_flag": 1, "change_message": "[{\"added\": {}}]"}}, {"model": "admin.logentry", "pk": 53, "fields": {"action_time": "2025-12-04T19:41:06.641Z", "user": 1, "content_type": 13, "object_id": "14", "object_repr": "Order - 14", "action_flag": 3, "change_message": ""}}, {"model": "admin.logentry", "pk": 54, "fields": {"action_time": "2025-12-04T19:41:06.641Z", "user": 1, "content_type": 13, "object_id": "13", "object_repr": "Order - 13", "action_flag": 3, "change_message": ""}}, {"model": "admin.logentry", "pk": 55, "fields": {"action_time": "2025-12-04T19:41:06.641Z", "user": 1, "content_type": 13, "object_id": "12", "object_repr": "Order - 12", "action_flag": 3, "change_message": ""}}, {"model": "admin.logentry", "pk": 56, "fields": {"action_time": "2025-12-04T19:41:06.641Z", "user": 1, "content_type": 13, "object_id": "11", "object_repr": "Order - 11", "action_flag": 3, "change_message": ""}}, {"model": "admin.logentry", "pk": 57, "fields": {"action_time": "2025-12-04T19:41:06.641Z", "user": 1, "content_type": 13, "object_id": "10", "object_repr": "Order - 10", "action_flag": 3, "change_message": ""}}, {"model": "admin.logentry", "pk": 58, "fields": {"action_time": "2025-12-04T19:41:06.641Z", "user": 1, "content_type": 13, "object_id": "9", "object_repr": "Order - 9", "action_flag": 3, "change_message": ""}}, {"model": "admin.logentry", "pk": 59, "fields": {"action_time": "2025-12-04T19:41:06.642Z", "user": 1, "content_type": 13, "object_id": "8", "object_repr": "Order - 8", "action_flag": 3, "change_message": ""}}, {"model": "admin.logentry", "pk": 60, "fields": {"action_time": "2025-12-04T19:41:06.642Z", "user": 1, "content_type": 13, "object_id": "7", "object_repr": "Order - 7", "action_flag": 3, "change_message": ""}}, {"model": "admin.logentry", "pk": 61, "fields": {"action_time": "2025-12-04T19:41:06.642Z", "user": 1, "content_type": 13, "object_id": "6", "object_repr": "Order - 6", "action_flag": 3, "change_message": ""}}, {"model": "admin.logentry", "pk": 62, "fields": {"action_time": "2025-12-04T19:41:06.642Z", "user": 1, "content_type": 13, "object_id": "5", "object_repr": "Order - 5", "action_flag": 3, "change_message": ""}}, {"model": "admin.logentry", "pk": 63, "fields": {"action_time": "2025-12-04T19:41:06.642Z", "user": 1, "content_type": 13, "object_id": "4", "object_repr": "Order - 4", "action_flag": 3, "change_message": ""}}, {"model": "admin.logentry", "pk": 64, "fields": {"action_time": "2025-12-04T19:41:06.642Z", "user": 1, "content_type": 13, "object_id": "3", "object_repr": "Order - 3", "action_flag": 3, "change_message": ""}}, {"model": "admin.logentry", "pk": 65, "fields": {"action_time": "2025-12-04T19:41:06.642Z", "user": 1, "content_type": 13, "object_id": "2", "object_repr": "Order - 2", "action_flag": 3, "change_message": ""}}, {"model": "admin.logentry", "pk": 66, "fields": {"action_time": "2025-12-04T19:41:22.930Z", "user": 1, "content_type": 12, "object_id": "3", "object_repr": "Shipping Address - 3", "action_flag": 3, "change_message": ""}}, {"model": "admin.logentry", "pk": 67, "fields": {"action_time": "2025-12-04T19:41:22.930Z", "user": 1, "content_type": 12, "object_id": "1", "object_repr": "Shipping Address - 1", "action_flag": 3, "change_message": ""}}, {"model": "admin.logentry", "pk": 68, "fields": {"action_time": "2025-12-04T20:34:37.023Z", "user": 1, "content_type": 7, "object_id": "8", "object_repr": "Vitron HTC5008FS, 50 inch Full HD Smart Android TV", "action_flag": 2, "change_message": "[{\"changed\": {\"fields\": [\"Category\", \"Description\", \"Image\"]}}]"}}, {"model": "admin.logentry", "pk": 69, "fields": {"action_time": "2025-12-05T04:38:34.501Z", "user": 1, "content_type": 11, "object_id": "8", "object_repr": "Vincentkip", "action_flag": 2, "change_message": "[{\"changed\": {\"fields\": [\"Phone\", \"Address1\", \"Address2\", \"City\", \"State\", \"Zipcode\", \"Country\"]}}]"}}, {"model": "admin.logentry", "pk": 70, "fields": {"action_time": "2025-12-05T04:39:49.391Z", "user": 1, "content_type": 4, "object_id": "10", "object_repr": "Vincentkip", "action_flag": 2, "change_message": "[{\"changed\": {\"fields\": [\"Staff status\", \"Superuser status\"]}}]"}}, {"model": "admin.logentry", "pk": 71, "fields": {"action_time": "2025-12-05T04:40:13.650Z", "user": 1, "content_type": 4, "object_id": "1", "object_repr": "kiplangatvin", "action_flag": 2, "change_message": "[{\"changed\": {\"fields\": [\"Staff status\", \"Superuser status\"]}}]"}}, {"model": "admin.logentry", "pk": 72, "fields": {"action_time": "2025-12-05T04:42:45.722Z", "user": 10, "content_type": 7, "object_id": "13", "object_repr": "Haier 43\" Android Frameless Full HD TV - Black", "action_flag": 1, "change_message": "[{\"added\": {}}]"}}, {"model": "admin.logentry", "pk": 73, "fields": {"action_time": "2025-12-05T04:48:27.239Z", "user": 10, "content_type": 7, "object_id": "14", "object_repr": "XIAOMI 43\" Full HD Frameless A Series 2025 Google TV(2 YRS Warranty)", "action_flag": 1, "change_message": "[{\"added\": {}}]"}}, {"model": "admin.logentry", "pk": 74, "fields": {"action_time": "2025-12-05T04:54:59.773Z", "user": 10, "content_type": 7, "object_id": "15", "object_repr": "Kuhl Kuhl 17 Pro Max 8GB + 128GB 6.8\" Brand New Android Smartphone", "action_flag": 1, "change_message": "[{\"added\": {}}]"}}, {"model": "admin.logentry", "pk": 75, "fields": {"action_time": "2025-12-05T04:56:37.264Z", "user": 10, "content_type": 7, "object_id": "16", "object_repr": "Samsung Galaxy A16, 6.7\", 128GB + 4GB RAM (Dual SIM), 5000mAh, A 16 Phone -Black (2YRs WRTY)", "action_flag": 1, "change_message": "[{\"added\": {}}]"}}, {"model": "admin.logentry", "pk": 76, "fields": {"action_time": "2025-12-05T04:58:03.808Z", "user": 10, "content_type": 7, "object_id": "17", "object_repr": "XIAOMI Redmi 15c, 6.9\", 4GB RAM + 128GB (Dual SIM), 6000mAh, Black (25 Months Warranty)", "action_flag": 1, "change_message": "[{\"added\": {}}]"}}, {"model": "admin.logentry", "pk": 77, "fields": {"action_time": "2025-12-05T04:59:19.944Z", "user": 10, "content_type": 7, "object_id": "18", "object_repr": "XIAOMI Redmi 15C' 6.88 inches,(4+4)8GB RAM+128GB ROM,Battery: 5000 mAh COMES WITH FREE GIFTS ( AIRPO", "action_flag": 1, "change_message": "[{\"added\": {}}]"}}, {"model": "admin.logentry", "pk": 78, "fields": {"action_time": "2025-12-05T05:11:57.130Z", "user": 10, "content_type": 7, "object_id": "19", "object_repr": "Samsung GALAXY A16, 6.7'' HD+, 4GB RAM + 128GB ROM, DUAL SIM, 50MP, 5000mAh . COMES WITH FREE GIFTS", "action_flag": 1, "change_message": "[{\"added\": {}}]"}}, {"model": "admin.logentry", "pk": 79, "fields": {"action_time": "2025-12-05T05:13:22.373Z", "user": 10, "content_type": 7, "object_id": "20", "object_repr": "Apple iPhone 17 Pro Max 256GB-Physical sim plus E sim-COSMIC ORANGE", "action_flag": 1, "change_message": "[{\"added\": {}}]"}}, {"model": "admin.logentry", "pk": 80, "fields": {"action_time": "2025-12-05T05:14:28.364Z", "user": 10, "content_type": 7, "object_id": "21", "object_repr": "Apple iPhone 16 Pro Max 256 GB - Black Titanium", "action_flag": 1, "change_message": "[{\"added\": {}}]"}}, {"model": "admin.logentry", "pk": 81, "fields": {"action_time": "2025-12-05T05:16:19.816Z", "user": 10, "content_type": 7, "object_id": "22", "object_repr": "Magbak For Iphone Nillkin IPhone 14 Pro Max CamShield Pro Case With Slide Camera Protection Back Cov", "action_flag": 1, "change_message": "[{\"added\": {}}]"}}, {"model": "admin.logentry", "pk": 82, "fields": {"action_time": "2025-12-05T05:32:32.526Z", "user": 10, "content_type": 10, "object_id": "11", "object_repr": "Laptops", "action_flag": 1, "change_message": "[{\"added\": {}}]"}}, {"model": "admin.logentry", "pk": 83, "fields": {"action_time": "2025-12-05T05:37:13.818Z", "user": 10, "content_type": 7, "object_id": "23", "object_repr": "Lenovo Refurbished ThinkPad T490- Intel Core i5 16GB RAM, 256GB SSD", "action_flag": 1, "change_message": "[{\"added\": {}}]"}}, {"model": "admin.logentry", "pk": 84, "fields": {"action_time": "2025-12-05T05:38:33.834Z", "user": 10, "content_type": 7, "object_id": "24", "object_repr": "HP EliteBook 820 G1 Core I5 8GB RAM 500gb Hdd Slim Ultrabook Laptop Refurbished, (6 Months WRTY)", "action_flag": 1, "change_message": "[{\"added\": {}}]"}}, {"model": "admin.logentry", "pk": 85, "fields": {"action_time": "2025-12-05T05:39:54.478Z", "user": 10, "content_type": 7, "object_id": "25", "object_repr": "Share this product    HP Refurbished EliteBook 830 G5 Intel Core i5 8th Gen 8GB RAM 512GB SSD 13.3 I", "action_flag": 1, "change_message": "[{\"added\": {}}]"}}, {"model": "admin.logentry", "pk": 86, "fields": {"action_time": "2025-12-05T05:41:13.495Z", "user": 10, "content_type": 7, "object_id": "26", "object_repr": "Apple Refurbished MacBook Pro 13\" Core I5 2.5GHz 8GB RAM, 500GB HDD ( 2012), Mac Os Installed + + Fr", "action_flag": 1, "change_message": "[{\"added\": {}}]"}}, {"model": "admin.logentry", "pk": 87, "fields": {"action_time": "2025-12-05T05:42:17.256Z", "user": 10, "content_type": 7, "object_id": "27", "object_repr": "Apple MacBook Air 13 inch 2020 M1 Chip", "action_flag": 1, "change_message": "[{\"added\": {}}]"}}, {"model": "admin.logentry", "pk": 88, "fields": {"action_time": "2025-12-05T05:44:15.443Z", "user": 10, "content_type": 7, "object_id": "28", "object_repr": "Apple MacBook Pro 2015 15-Inch Core i7 16GB 512GB REFURBISHED", "action_flag": 1, "change_message": "[{\"added\": {}}]"}}, {"model": "admin.logentry", "pk": 89, "fields": {"action_time": "2025-12-05T05:45:47.441Z", "user": 10, "content_type": 7, "object_id": "29", "object_repr": "Apple Refurbished MacBook Pro 13\" Core I5 8GB RAM, 1TB HDD ( 2012) 2.5GHz- Silver, 6 Months WRTY", "action_flag": 1, "change_message": "[{\"added\": {}}]"}}, {"model": "admin.logentry", "pk": 90, "fields": {"action_time": "2025-12-05T05:47:18.337Z", "user": 10, "content_type": 7, "object_id": "30", "object_repr": "HP EliteBook 845 G7 Ryzen 5, 16GB RAM 256GB SSD-Refurbished-Win 11-14 Inch-Silver", "action_flag": 1, "change_message": "[{\"added\": {}}]"}}, {"model": "admin.logentry", "pk": 91, "fields": {"action_time": "2025-12-05T07:34:09.730Z", "user": 10, "content_type": 7, "object_id": "31", "object_repr": "HP Refurbished Elitedesk", "action_flag": 1, "change_message": "[{\"added\": {}}]"}}, {"model": "admin.logentry", "pk": 92, "fields": {"action_time": "2025-12-05T07:35:12.594Z", "user": 10, "content_type": 7, "object_id": "32", "object_repr": "HP Refurbished desktop Core i5 4th Generation 4GB RAM 500GB HDD windows 10 pro plus office installed", "action_flag": 1, "change_message": "[{\"added\": {}}]"}}, {"model": "admin.logentry", "pk": 93, "fields": {"action_time": "2025-12-05T07:36:17.029Z", "user": 10, "content_type": 7, "object_id": "33", "object_repr": "HP Desktop 6305 - Intel Core 2 Duo - 2GB RAM 250GB HDD - Win 10 Pro - Refurbished", "action_flag": 1, "change_message": "[{\"added\": {}}]"}}, {"model": "admin.logentry", "pk": 94, "fields": {"action_time": "2025-12-05T07:37:34.847Z", "user": 10, "content_type": 7, "object_id": "34", "object_repr": "Raspberry Pi Zero WH (Wireless With Headers)", "action_flag": 1, "change_message": "[{\"added\": {}}]"}}, {"model": "admin.logentry", "pk": 95, "fields": {"action_time": "2025-12-05T07:38:34.772Z", "user": 10, "content_type": 7, "object_id": "35", "object_repr": "Apple Mac Mini Desktop With M4 Chip 16GB 256gb SSD Storage,", "action_flag": 1, "change_message": "[{\"added\": {}}]"}}, {"model": "admin.logentry", "pk": 96, "fields": {"action_time": "2025-12-05T07:40:26.628Z", "user": 10, "content_type": 7, "object_id": "36", "object_repr": "HP EliteDesk 600 G6 Intel Core I7 10th Gen 16GB RAM + 512GB SSD", "action_flag": 1, "change_message": "[{\"added\": {}}]"}}, {"model": "admin.logentry", "pk": 97, "fields": {"action_time": "2025-12-05T07:41:48.828Z", "user": 10, "content_type": 7, "object_id": "37", "object_repr": "Haier HMW20D-B, 20Litres, 700W Digital Microwave Oven - Black", "action_flag": 1, "change_message": "[{\"added\": {}}]"}}, {"model": "admin.logentry", "pk": 98, "fields": {"action_time": "2025-12-05T07:42:53.172Z", "user": 10, "content_type": 7, "object_id": "38", "object_repr": "Em 7 Speed Hand Mixer High Power Electric Hand Mixer", "action_flag": 1, "change_message": "[{\"added\": {}}]"}}, {"model": "admin.logentry", "pk": 99, "fields": {"action_time": "2025-12-05T07:44:01.932Z", "user": 10, "content_type": 7, "object_id": "39", "object_repr": "Rashnik RN-999 2 In 1 Blender & Grinder –1.5L – 350W - Black", "action_flag": 1, "change_message": "[{\"added\": {}}]"}}, {"model": "admin.logentry", "pk": 100, "fields": {"action_time": "2025-12-05T07:45:41.613Z", "user": 10, "content_type": 7, "object_id": "40", "object_repr": "Em ElectroMate Sandwich Maker Toaster 2-Slice Non-Stick 750W Black (1YR WRTY)", "action_flag": 1, "change_message": "[{\"added\": {}}]"}}, {"model": "admin.logentry", "pk": 101, "fields": {"action_time": "2025-12-05T07:46:47.526Z", "user": 10, "content_type": 7, "object_id": "41", "object_repr": "2L Rice Cooker With Steamer Non-Stick Cookers - Gold", "action_flag": 1, "change_message": "[{\"added\": {}}]"}}, {"model": "admin.logentry", "pk": 102, "fields": {"action_time": "2025-12-05T07:52:42.418Z", "user": 10, "content_type": 7, "object_id": "42", "object_repr": "Couple Watches Casual Silicone Band Quartz Watch Jewelry Set", "action_flag": 1, "change_message": "[{\"added\": {}}]"}}, {"model": "admin.logentry", "pk": 103, "fields": {"action_time": "2025-12-05T07:53:38.410Z", "user": 10, "content_type": 7, "object_id": "43", "object_repr": "ARHANORY Men Formal Steel Business Watch Strap Wrist Watches Classic - Gold", "action_flag": 1, "change_message": "[{\"added\": {}}]"}}, {"model": "admin.logentry", "pk": 104, "fields": {"action_time": "2025-12-05T07:54:45.123Z", "user": 10, "content_type": 7, "object_id": "44", "object_repr": "LED Digital Luminescent Neutral Sports Watch", "action_flag": 1, "change_message": "[{\"added\": {}}]"}}, {"model": "admin.logentry", "pk": 105, "fields": {"action_time": "2025-12-05T07:55:46.838Z", "user": 10, "content_type": 7, "object_id": "45", "object_repr": "BINBOND Top Luxury Stainless Steel Men Waterproof Wristwatch", "action_flag": 1, "change_message": "[{\"added\": {}}]"}}, {"model": "admin.logentry", "pk": 106, "fields": {"action_time": "2025-12-05T07:56:48.068Z", "user": 10, "content_type": 7, "object_id": "46", "object_repr": "FNGEEN Fngeen - Men's Quartz Watch Multi Functional Steel Band Watch-Silver", "action_flag": 1, "change_message": "[{\"added\": {}}]"}}, {"model": "admin.logentry", "pk": 107, "fields": {"action_time": "2025-12-05T07:57:49.057Z", "user": 10, "content_type": 7, "object_id": "47", "object_repr": "Naviforce Men's Dual Time 3ATM Water Resistant Watch", "action_flag": 1, "change_message": "[{\"added\": {}}]"}}, {"model": "admin.logentry", "pk": 108, "fields": {"action_time": "2025-12-05T07:58:55.148Z", "user": 10, "content_type": 7, "object_id": "48", "object_repr": "Share this product    Naviforce Men's Dual Time 50M Water Resistant Rubber straps Wrist Watch", "action_flag": 1, "change_message": "[{\"added\": {}}]"}}, {"model": "admin.logentry", "pk": 109, "fields": {"action_time": "2025-12-05T07:59:48.302Z", "user": 10, "content_type": 7, "object_id": "49", "object_repr": "Naviforce Men's Digital 50M Waterproof classic wrist watch", "action_flag": 1, "change_message": "[{\"added\": {}}]"}}, {"model": "admin.logentry", "pk": 110, "fields": {"action_time": "2025-12-05T08:00:51.802Z", "user": 10, "content_type": 7, "object_id": "50", "object_repr": "Premium Quality 15M Or 50 Feet Braided 1/2 Inch Water Hose Pipe -Green", "action_flag": 1, "change_message": "[{\"added\": {}}]"}}, {"model": "admin.logentry", "pk": 111, "fields": {"action_time": "2025-12-05T08:02:02.874Z", "user": 10, "content_type": 7, "object_id": "51", "object_repr": "Cordless Electric Grass Trimmer Brush Cutter Lithium Tool Battery Brush Cutting Machine Grass Cutter", "action_flag": 1, "change_message": "[{\"added\": {}}]"}}, {"model": "admin.logentry", "pk": 112, "fields": {"action_time": "2025-12-05T08:03:03.350Z", "user": 10, "content_type": 7, "object_id": "52", "object_repr": "30M/100ft Telescopic Magic Expandable High Pressure Horse Pipe- Watering Gardening/ Car Washing", "action_flag": 1, "change_message": "[{\"added\": {}}]"}}, {"model": "admin.logentry", "pk": 113, "fields": {"action_time": "2025-12-05T08:04:09.372Z", "user": 10, "content_type": 7, "object_id": "53", "object_repr": "Black nitrile reusable Polyester Garden Glove Heavy Duty Grip Diamond Super Resistant Work Protectiv", "action_flag": 1, "change_message": "[{\"added\": {}}]"}}, {"model": "admin.logentry", "pk": 114, "fields": {"action_time": "2025-12-05T08:05:15.670Z", "user": 10, "content_type": 7, "object_id": "54", "object_repr": "Afnan 9PM Perfume for Men EDP - 100ml", "action_flag": 1, "change_message": "[{\"added\": {}}]"}}, {"model": "admin.logentry", "pk": 115, "fields": {"action_time": "2025-12-05T08:06:10.339Z", "user": 10, "content_type": 7, "object_id": "55", "object_repr": "Designers Collection Tomford Oud Wood EDP for Men – 100ml", "action_flag": 1, "change_message": "[{\"added\": {}}]"}}, {"model": "admin.logentry", "pk": 116, "fields": {"action_time": "2025-12-05T08:07:33.385Z", "user": 10, "content_type": 7, "object_id": "56", "object_repr": "Romano CLASSIC 100ML EAU DE PARFUM", "action_flag": 1, "change_message": "[{\"added\": {}}]"}}, {"model": "admin.logentry", "pk": 117, "fields": {"action_time": "2025-12-05T08:08:36.759Z", "user": 10, "content_type": 7, "object_id": "57", "object_repr": "VERSMAN Sporty Perfume - 95ml", "action_flag": 1, "change_message": "[{\"added\": {}}]"}}, {"model": "admin.logentry", "pk": 118, "fields": {"action_time": "2025-12-05T08:10:02.195Z", "user": 10, "content_type": 7, "object_id": "58", "object_repr": "Brown Orchid Brown Dark Orchid Eau De Parfum Perfume For Men - 80ML EDP Premium Dubai Arabian Cologn", "action_flag": 1, "change_message": "[{\"added\": {}}]"}}, {"model": "admin.logentry", "pk": 119, "fields": {"action_time": "2025-12-05T08:11:09.246Z", "user": 10, "content_type": 7, "object_id": "59", "object_repr": "Haoren Mlima Baridi Eau de Parfum – Luxury Men’s Perfume | Aromatic Woody Fragrance | Long-Lasting P", "action_flag": 1, "change_message": "[{\"added\": {}}]"}}, {"model": "auth.permission", "pk": 1, "fields": {"name": "Can add log entry", "content_type": 1, "codename": "add_logentry"}}, {"model": "auth.permission", "pk": 2, "fields": {"name": "Can change log entry", "content_type": 1, "codename": "change_logentry"}}, {"model": "auth.permission", "pk": 3, "fields": {"name": "Can delete log entry", "content_type": 1, "codename": "delete_logentry"}}, {"model": "auth.permission", "pk": 4, "fields": {"name": "Can view log entry", "content_type": 1, "codename": "view_logentry"}}, {"model": "auth.permission", "pk": 5, "fields": {"name": "Can add permission", "content_type": 2, "codename": "add_permission"}}, {"model": "auth.permission", "pk": 6, "fields": {"name": "Can change permission", "content_type": 2, "codename": "change_permission"}}, {"model": "auth.permission", "pk": 7, "fields": {"name": "Can delete permission", "content_type": 2, "codename": "delete_permission"}}, {"model": "auth.permission", "pk": 8, "fields": {"name": "Can view permission", "content_type": 2, "codename": "view_permission"}}, {"model": "auth.permission", "pk": 9, "fields": {"name": "Can add group", "content_type": 3, "codename": "add_group"}}, {"model": "auth.permission", "pk": 10, "fields": {"name": "Can change group", "content_type": 3, "codename": "change_group"}}, {"model": "auth.permission", "pk": 11, "fields": {"name": "Can delete group", "content_type": 3, "codename": "delete_group"}}, {"model": "auth.permission", "pk": 12, "fields": {"name": "Can view group", "content_type": 3, "codename": "view_group"}}, {"model": "auth.permission", "pk": 13, "fields": {"name": "Can add user", "content_type": 4, "codename": "add_user"}}, {"model": "auth.permission", "pk": 14, "fields": {"name": "Can change user", "content_type": 4, "codename": "change_user"}}, {"model": "auth.permission", "pk": 15, "fields": {"name": "Can delete user", "content_type": 4, "codename": "delete_user"}}, {"model": "auth.permission", "pk": 16, "fields": {"name": "Can view user", "content_type": 4, "codename": "view_user"}}, {"model": "auth.permission", "pk": 17, "fields": {"name": "Can add content type", "content_type": 5, "codename": "add_contenttype"}}, {"model": "auth.permission", "pk": 18, "fields": {"name": "Can change content type", "content_type": 5, "codename": "change_contenttype"}}, {"model": "auth.permission", "pk": 19, "fields": {"name": "Can delete content type", "content_type": 5, "codename": "delete_contenttype"}}, {"model": "auth.permission", "pk": 20, "fields": {"name": "Can view content type", "content_type": 5, "codename": "view_contenttype"}}, {"model": "auth.permission", "pk": 21, "fields": {"name": "Can add session", "content_type": 6, "codename": "add_session"}}, {"model": "auth.permission", "pk": 22, "fields": {"name": "Can change session", "content_type": 6, "codename": "change_session"}}, {"model": "auth.permission", "pk": 23, "fields": {"name": "Can delete session", "content_type": 6, "codename": "delete_session"}}, {"model": "auth.permission", "pk": 24, "fields": {"name": "Can view session", "content_type": 6, "codename": "view_session"}}, {"model": "auth.permission", "pk": 25, "fields": {"name": "Can add product", "content_type": 7, "codename": "add_product"}}, {"model": "auth.permission", "pk": 26, "fields": {"name": "Can change product", "content_type": 7, "codename": "change_product"}}, {"model": "auth.permission", "pk": 27, "fields": {"name": "Can delete product", "content_type": 7, "codename": "delete_product"}}, {"model": "auth.permission", "pk": 28, "fields": {"name": "Can view product", "content_type": 7, "codename": "view_product"}}, {"model": "auth.permission", "pk": 29, "fields": {"name": "Can add order", "content_type": 8, "codename": "add_order"}}, {"model": "auth.permission", "pk": 30, "fields": {"name": "Can change order", "content_type": 8, "codename": "change_order"}}, {"model": "auth.permission", "pk": 31, "fields": {"name": "Can delete order", "content_type": 8, "codename": "delete_order"}}, {"model": "auth.permission", "pk": 32, "fields": {"name": "Can view order", "content_type": 8, "codename": "view_order"}}, {"model": "auth.permission", "pk": 33, "fields": {"name": "Can add customer", "content_type": 9, "codename": "add_customer"}}, {"model": "auth.permission", "pk": 34, "fields": {"name": "Can change customer", "content_type": 9, "codename": "change_customer"}}, {"model": "auth.permission", "pk": 35, "fields": {"name": "Can delete customer", "content_type": 9, "codename": "delete_customer"}}, {"model": "auth.permission", "pk": 36, "fields": {"name": "Can view customer", "content_type": 9, "codename": "view_customer"}}, {"model": "auth.permission", "pk": 37, "fields": {"name": "Can add category", "content_type": 10, "codename": "add_category"}}, {"model": "auth.permission", "pk": 38, "fields": {"name": "Can change category", "content_type": 10, "codename": "change_category"}}, {"model": "auth.permission", "pk": 39, "fields": {"name": "Can delete category", "content_type": 10, "codename": "delete_category"}}, {"model": "auth.permission", "pk": 40, "fields": {"name": "Can view category", "content_type": 10, "codename": "view_category"}}, {"model": "auth.permission", "pk": 41, "fields": {"name": "Can add profile", "content_type": 11, "codename": "add_profile"}}, {"model": "auth.permission", "pk": 42, "fields": {"name": "Can change profile", "content_type": 11, "codename": "change_profile"}}, {"model": "auth.permission", "pk": 43, "fields": {"name": "Can delete profile", "content_type": 11, "codename": "delete_profile"}}, {"model": "auth.permission", "pk": 44, "fields": {"name": "Can view profile", "content_type": 11, "codename": "view_profile"}}, {"model": "auth.permission", "pk": 45, "fields": {"name": "Can add shipping address", "content_type": 12, "codename": "add_shippingaddress"}}, {"model": "auth.permission", "pk": 46, "fields": {"name": "Can change shipping address", "content_type": 12, "codename": "change_shippingaddress"}}, {"model": "auth.permission", "pk": 47, "fields": {"name": "Can delete shipping address", "content_type": 12, "codename": "delete_shippingaddress"}}, {"model": "auth.permission", "pk": 48, "fields": {"name": "Can view shipping address", "content_type": 12, "codename": "view_shippingaddress"}}, {"model": "auth.permission", "pk": 49, "fields": {"name": "Can add order", "content_type": 13, "codename": "add_order"}}, {"model": "auth.permission", "pk": 50, "fields": {"name": "Can change order", "content_type": 13, "codename": "change_order"}}, {"model": "auth.permission", "pk": 51, "fields": {"name": "Can delete order", "content_type": 13, "codename": "delete_order"}}, {"model": "auth.permission", "pk": 52, "fields": {"name": "Can view order", "content_type": 13, "codename": "view_order"}}, {"model": "auth.permission", "pk": 53, "fields": {"name": "Can add order item", "content_type": 14, "codename": "add_orderitem"}}, {"model": "auth.permission", "pk": 54, "fields": {"name": "Can change order item", "content_type": 14, "codename": "change_orderitem"}}, {"model": "auth.permission", "pk": 55, "fields": {"name": "Can delete order item", "content_type": 14, "codename": "delete_orderitem"}}, {"model": "auth.permission", "pk": 56, "fields": {"name": "Can view order item", "content_type": 14, "codename": "view_orderitem"}}, {"model": "auth.user", "pk": 1, "fields": {"password": "pbkdf2_sha256$1000000$a5SEIN7hCjpsnuFYu5JehF$FAefl7qnRRVuVSNrufjrWMpI0abFcP+5L2u/kmzWFSc=", "last_login": "2025-12-05T04:36:51Z", "is_superuser": false, "username": "kiplangatvin", "first_name": "Vincent", "last_name": "korir", "email": "korirv09@gmail.com", "is_staff": false, "is_active": true, "date_joined": "2025-11-27T22:22:24Z", "groups": [], "user_permissions": []}}, {"model": "auth.user", "pk": 2, "fields": {"password": "pbkdf2_sha256$1000000$c7T0WPEi7ZMA4P4pGo1Iwm$qlkIklBOVek1UBELYeqCuvDUEy4LaVV7bUdLlaANKBA=", "last_login": "2025-12-04T20:08:07.590Z", "is_superuser": false, "username": "dataty", "first_name": "Aron", "last_name": "Kipkorir", "email": "aron4@gmail.com", "is_staff": false, "is_active": true, "date_joined": "2025-11-28T13:13:10.842Z", "groups": [], "user_permissions": []}}, {"model": "auth.user", "pk": 8, "fields": {"password": "pbkdf2_sha256$1000000$AqmT1IB7yVvhabrOBqJ9cb$ewjrKywAUMv+8mXBhGRsvCwSFfBQl5u6cXqJiDkxolo=", "last_login": "2025-12-04T09:39:36.286Z", "is_superuser": false, "username": "aron4", "first_name": "Aron", "last_name": "Kipkorir", "email": "aron4@gmail.com", "is_staff": false, "is_active": true, "date_joined": "2025-12-04T09:35:38.177Z", "groups": [], "user_permissions": []}}, {"model": "auth.user", "pk": 9, "fields": {"password": "pbkdf2_sha256$1000000$BRV9p0foqjcxqbli0WFjAW$INYmGwky+MaBS/vGa3OQy1gUTWuaIdOc6Gz+8uMUY4w=", "last_login": "2025-12-04T20:07:17.113Z", "is_superuser": false, "username": "VIN12", "first_name": "Aron", "last_name": "Kipkorir", "email": "aron4@gmail.com", "is_staff": false, "is_active": true, "date_joined": "2025-12-04T20:07:14.528Z", "groups": [], "user_permissions": []}}, {"model": "auth.user", "pk": 10, "fields": {"password": "pbkdf2_sha256$1000000$Ng9CczF5N4jifZK5h0EmM3$bpE5PtrE7mtVpQs4YeCJ21W3XRTRtMX74qUvZPoI84E=", "last_login": "2025-12-05T04:40:31.553Z", "is_superuser": true, "username": "Vincentkip", "first_name": "Vincent", "last_name": "Korir", "email": "vinnierhames25@gmail.com", "is_staff": true, "is_active": true, "date_joined": "2025-12-05T04:36:16Z", "groups": [], "user_permissions": []}}, {"model": "contenttypes.contenttype", "pk": 1, "fields": {"app_label": "admin", "model": "logentry"}}, {"model": "contenttypes.contenttype", "pk": 2, "fields": {"app_label": "auth", "model": "permission"}}, {"model": "contenttypes.contenttype", "pk": 3, "fields": {"app_label": "auth", "model": "group"}}, {"model": "contenttypes.contenttype", "pk": 4, "fields": {"app_label": "auth", "model": "user"}}, {"model": "contenttypes.contenttype", "pk": 5, "fields": {"app_label": "contenttypes", "model": "contenttype"}}, {"model": "contenttypes.contenttype", "pk": 6, "fields": {"app_label": "sessions", "model": "session"}}, {"model": "contenttypes.contenttype", "pk": 7, "fields": {"app_label": "mycar", "model": "product"}}, {"model": "contenttypes.contenttype", "pk": 8, "fields": {"app_label": "mycar", "model": "order"}}, {"model": "contenttypes.contenttype", "pk": 9, "fields": {"app_label": "mycar", "model": "customer"}}, {"model": "contenttypes.contenttype", "pk": 10, "fields": {"app_label": "mycar", "model": "category"}}, {"model": "contenttypes.contenttype", "pk": 11, "fields": {"app_label": "mycar", "model": "profile"}}, {"model": "contenttypes.contenttype", "pk": 12, "fields": {"app_label": "payment", "model": "shippingaddress"}}, {"model": "contenttypes.contenttype", "pk": 13, "fields": {"app_label": "payment", "model": "order"}}, {"model": "contenttypes.contenttype", "pk": 14, "fields": {"app_label": "payment", "model": "orderitem"}}, {"model": "sessions.session", "pk": "3343c8ja49990rp16lt2kbr0iiv6aoa2", "fields": {"session_data": "eyJzZXNzaW9uX2tleSI6e319:1vRFRn:Somr2X7UQH0unhh-jVBg8pEbm6YXSrquHYtH_ouA1EU", "expire_date": "2025-12-18T19:57:03.225Z"}}, {"model": "sessions.session", "pk": "3yqyufdqj3ckihtovkxib7yi3sajd8u2", "fields": {"session_data": "eyJzZXNzaW9uX2tleSI6eyIyIjozLCI2IjozfX0:1vPq9b:B9ZaNPdARo08rkSnX3j1CXzNwTRTGNogwtY48-PGKzk", "expire_date": "2025-12-14T22:44:27.249Z"}}, {"model": "sessions.session", "pk": "4f4vyjwwia59jnobe7sxper7eirv4lyl", "fields": {"session_data": "eyJzZXNzaW9uX2tleSI6e319:1vQTAr:pcZUwuHb3sCkhZla4ecQzKKJq6RGMYGKZbu7e7tXj2s", "expire_date": "2025-12-16T16:24:21.001Z"}}, {"model": "sessions.session", "pk": "4g0jeb1obuv1ick2yvwdpamyvc6k2iw1", "fields": {"session_data": ".eJyrVipOLS7OzM-Lz06tVLKqVjICEQVFmcmpSlZKxiYGegYGSrU6SsbIwoZGBjBxMxTlhiZQYUOsymtrAQDRHoQ:1vPo25:fCz1xKZZkMiYbsaMOHpCcV_p49aixZ-zxUHFwlO40AE", "expire_date": "2025-12-14T20:28:33.240Z"}}, {"model": "sessions.session", "pk": "6b15y673q8n0hwg1ybxd27oh7uw7udjf", "fields": {"session_data": ".eJyrVipOLS7OzM-Lz06tVLKqVjIEEQVFmcmpSlZKhkYGBnoGBkq1OkpGyOLGJhDh2loAhycStg:1vPpCE:TXg-nIL1whGfxlfVjT70S9KP9Mu2tHuPg_m3IEroQ8M", "expire_date": "2025-12-14T21:43:06.687Z"}}, {"model": "sessions.session", "pk": "84brjliu396f0dduxfuvnlssgq632utg", "fields": {"session_data": "eyJzZXNzaW9uX2tleSI6eyIxIjoyLCIyIjo1fX0:1vPqU3:hIt8u_OOWeuFapY1_TcVHAuR2UqOHnhGKVDlXdyQFOQ", "expire_date": "2025-12-14T23:05:35.396Z"}}, {"model": "sessions.session", "pk": "9evhe9tm3010da0solzp9jduktdtxeyr", "fields": {"session_data": "eyJzZXNzaW9uX2tleSI6eyIxIjoxLCI0Ijo1fX0:1vQ3VA:N4gwftht7kJTp0PHt7vcYwaDs9g4edZR_Dd-ILXG3gY", "expire_date": "2025-12-15T12:59:36.354Z"}}, {"model": "sessions.session", "pk": "abfge3un1cxsmdswaxxw7swrov9vor75", "fields": {"session_data": "e30:1vOwqN:5nZh4Lg-0dPdfLCicitVRn068SraMz-eJsXhd0Bptcs", "expire_date": "2025-12-12T11:40:55.139Z"}}, {"model": "sessions.session", "pk": "adf28h58azydcyv6f3w3h13rnwe8p3z7", "fields": {"session_data": "eyJzZXNzaW9uX2tleSI6eyIxIjozLCIyIjozfX0:1vQ3uI:MxU0Nl-LQFnX16IJXJvy9N0Wea37nCp9WN_4FwiCwEM", "expire_date": "2025-12-15T13:25:34.771Z"}}, {"model": "sessions.session", "pk": "bewi40prrjnwwh7or73io5axndjzzh6c", "fields": {"session_data": "eyJzZXNzaW9uX2tleSI6eyIxIjoxfX0:1vPpO2:-1hT_OuoVqCsADdqwM24OtoBK0-axMQ8Sxc7sHR_2SI", "expire_date": "2025-12-14T21:55:18.104Z"}}, {"model": "sessions.session", "pk": "c26v6kc356x7kurf0hz4n2i70yhh7xqh", "fields": {"session_data": "e30:1vOwlZ:84M8T610b-904wimFqORAwYDjgFVA8Te8oLkEdb28gw", "expire_date": "2025-12-12T11:35:57.631Z"}}, {"model": "sessions.session", "pk": "ffpzk1o29jqdj2qm4lo466unzx2g2u3i", "fields": {"session_data": ".eJxtkUFPg0AQhf8LZ9MAS0F6bIytbWxTNV7J7O5sWYFdZBcrNv3vDokmJXp938x7kzfnoIDel0XvsCu0DBZBFAY31yIHUaEZiXwDc7QzYY3vNJ-NI7Mf6maPVmK9_JmdGJTgStoWt5FimMxzFcskZyyPEfOUZyJPVJwxhjwVKpvLBEUWJzLMGDARq1hFChlmQKbNULhSt602x2BxDoTrVKOlrPEEHXpL0ZTzjoeP8rmar_i-Ovb3T_s6DbdGlunhYclPORen9Sbpd5829wO02ap06Nd3IJzTG3yxK8r5DSlUX9eFgQbJ91UbgcZfY2xA14S2uq2pGphAkLJD5yLi2HCowOl_cDw2zpL4GgntB5IN6M7yyZLz4Mdbdn_Rl24FvYBgGEZhOPGzPX1stNyiGSC4EKNobU1RIcnny-UbP7Oyzg:1vRQwg:4ICNkrAOM4plCTAaw8SrRFtaTSP-7jHfraiOU3iJMi4", "expire_date": "2025-12-19T08:13:42.473Z"}}, {"model": "sessions.session", "pk": "fmdb71ql2o33dcm7kxk9nin3wy7xivbd", "fields": {"session_data": "eyJzZXNzaW9uX2tleSI6eyIxIjoxLCIzIjoxfX0:1vPqiX:66g8Iwl0gTqwhFYZXwZEeLPL5nM8Ic5tlK-iVnrzcvY", "expire_date": "2025-12-14T23:20:33.811Z"}}, {"model": "sessions.session", "pk": "hqzmj7687qpyiljr4de8eqinnb1apfe2", "fields": {"session_data": "eyJzZXNzaW9uX2tleSI6eyIxIjoxLCIzIjozfX0:1vQT7i:kKhAAspLNOSGyzkpVkg89q3D0vTM9BGt_RCixqjnGrM", "expire_date": "2025-12-16T16:21:06.779Z"}}, {"model": "sessions.session", "pk": "hvychufmuxf2aega8nap1hzlqv9n2u5w", "fields": {"session_data": "eyJzZXNzaW9uX2tleSI6e319:1vPmzB:dISTDRoMdmh_WerRpel74Yv9ZqL_v0HFUKz7it8CDc0", "expire_date": "2025-12-14T19:21:29.226Z"}}, {"model": "sessions.session", "pk": "i7c3jdbdejnzy18d4y6zcap3e7akp6y9", "fields": {"session_data": ".eJx1j7sOgzAMRf8lM4oSOzzC2L3fEOXhFEoFFYGhQvx7QWWAoYuHc4-v7IUZO0-NmRONpg2sZpJlZ-as76jfg_C0_WPgfuinsXV8V_iRJn4fAr1uh3spaGxqtm3lXIVFHoG8xKhQEHhpfWm9KyPpUIGTVFohIaIuCLDUQBp1LpQodBW30kQptUNvOvqwemFqH--x9bRfjTlwIdiabQ-cOQhxcPzDizNHqQ4MF6x-9rp-AcCbW2M:1vPmwC:ew2oagsPDiUWO1-xsBR1BEkTunbId63BSpUwhCNad_o", "expire_date": "2025-12-14T19:18:24.619Z"}}, {"model": "sessions.session", "pk": "lf93djg1qbqqlljger6bvpw0mif8ipd4", "fields": {"session_data": "eyJzZXNzaW9uX2tleSI6eyIyIjozLCI0Ijo1fX0:1vPpOc:AyRbGjVmKE6fxOJjLeVfo5FKEMRYf_BD-B3TZCd3F-E", "expire_date": "2025-12-14T21:55:54.104Z"}}, {"model": "sessions.session", "pk": "m8od8k6wyt00dnuy7lzbc43jusj84yag", "fields": {"session_data": "eyJzZXNzaW9uX2tleSI6e319:1vRFcV:cmHTOjCawROcIIazbdb3Nn-7ideWvFk1lZkIIa1lOeY", "expire_date": "2025-12-18T20:08:07.570Z"}}, {"model": "sessions.session", "pk": "nk8drr9nhvp2z6172216yrzp136jy5rv", "fields": {"session_data": "eyJzZXNzaW9uX2tleSI6e319:1vQTEb:DHQ7mKuzVjEGVQpy7na4Ep-B6FhIzol7NXfZdFLt5oQ", "expire_date": "2025-12-16T16:28:13.217Z"}}, {"model": "sessions.session", "pk": "qls3zawcvad8my9l7hk5pxevpc97aomv", "fields": {"session_data": ".eJxVjDsOgzAQBe-yNbKMv-Ayfc5grdcmECJbwlBEiLsnSDS0b2beDjXVOpXs5_QFt0MLTjQgwcmjAY_bOvqtpsVPERwIuG0BaU75BPGN-VUYlbwuU2Cnwi5a2bPE9Hlc7u1gxDr-ax4HbQz1knQIyg6tCGS0FiaSsobUwDlyxTujUFNPRNF2vY0RW-RSWILjB_PZQDg:1vPpmP:YgwXL1NCn7nYlXl36cgyIaWnmUwv__qDuV9sxz80oQo", "expire_date": "2025-12-14T22:20:29.700Z"}}, {"model": "sessions.session", "pk": "wbcygvb2j9lyc993mwpsnn1y29wt9adg", "fields": {"session_data": "e30:1vOwqN:5nZh4Lg-0dPdfLCicitVRn068SraMz-eJsXhd0Bptcs", "expire_date": "2025-12-12T11:40:55.167Z"}}, {"model": "sessions.session", "pk": "zp9qtybr0mm7imky868xqu1r85efwp6c", "fields": {"session_data": "eyJzZXNzaW9uX2tleSI6e319:1vRFXb:10CXTz8ipOHM1IWJhPW7Xld2oyKynNMzJNRyT7YwG30", "expire_date": "2025-12-18T20:03:03.659Z"}}, {"model": "sessions.session", "pk": "zwzyi5p95jnpts98g4r3vs6seejb3bb4", "fields": {"session_data": ".eJxVjDsOgzAQBe-yNbKM8Qdcps8ZrPWuCYTISBiKCHH3BImG9s3M26GkUsY5hyl9we9Qg28q0OD1UUHAbR3CVtISRgYPCm5bRJpSPgG_Mb9mQXNelzGKUxEXLeI5c_o8Lvd2MGAZ_rXk3lhLXUMmRu36WkWyxijLpJ0l3UuJUsvWajTUERG7tnPMWKNslCM4fvXpQDs:1vPqcY:UV01MSeqH42Yuve9rRrL37fALzhf7euiH5KZDa9ojyU", "expire_date": "2025-12-14T23:14:22.269Z"}}]